Coluna;CBO Ocupação 2002
Município;PRODUTOR DA CULTURA DE DENDE;PRODUTOR DA CULTURA DE MAMONA;PRODUTOR DA CULTURA DE SOJA;TRABALHADOR NA CULTURA DE DENDE;TRABALHADOR NA CULTURA DE MAMONA;TRABALHADOR NA CULTURA DE SOJA;TRABALHADOR NA CULTURA DO GIRASSOL;Total
RO-CEREJEIRAS;0;0;0;0;0;1788;0;1788
RO-CORUMBIARA;0;0;0;0;0;3500;0;3500
RO-PORTO VELHO;0;0;0;0;0;16005,2999999989;0;16005,2999999989
AM-MANICORE;0;0;0;2599,93999999948;0;0;0;2599,93999999948
AM-RIO PRETO DA EVA;0;0;0;21541,5;0;0;0;21541,5
RR-BOA VISTA;0;0;0;0;0;800;0;800
RR-BONFIM;0;0;0;0;0;1970;0;1970
PA-ABAETETUBA;0;0;0;896,900000000373;0;0;0;896,900000000373
PA-ACARA;0;0;0;568664,679999988;0;0;0;568664,679999988
PA-BELEM;0;0;0;2603,77000000142;0;0;0;2603,77000000142
PA-BONITO;0;0;0;634461,389999982;0;0;0;634461,389999982
PA-BRAGANCA;0;0;0;117469,379999995;0;0;0;117469,379999995
PA-CASTANHAL;0;0;0;23687,2399999974;0;0;0;23687,2399999974
PA-CONCORDIA DO PARA;0;0;0;677605,339999997;0;0;0;677605,339999997
PA-CUMARU DO NORTE;0;0;0;0;0;7507,89999999944;0;7507,89999999944
PA-GARRAFAO DO NORTE;0;0;0;59990,9599999981;0;0;0;59990,9599999981
PA-IGARAPE-ACU;0;0;0;369536,089999999;0;0;0;369536,089999999
PA-MOJU;0;0;0;1987020,22000002;0;0;0;1987020,22000002
PA-REDENCAO;0;0;0;812,070000000298;0;0;0;812,070000000298
PA-SANTA BARBARA DO PARA;0;0;0;45747,7500000009;0;0;0;45747,7500000009
PA-SANTANA DO ARAGUAIA;0;0;0;0;0;23018,5500000007;0;23018,5500000007
PA-SANTAREM;0;0;0;0;0;2070,78999999911;0;2070,78999999911
PA-SANTO ANTONIO DO TAUA;0;0;0;83284,2399999946;0;0;0;83284,2399999946
PA-SAO FRANCISCO DO PARA;0;0;0;812,070000000298;0;0;0;812,070000000298
PA-TAILANDIA;0;0;0;4055514,18999998;0;0;0;4055514,18999998
PA-TOME-ACU;0;0;0;1015973,46000001;0;0;0;1015973,46000001
TO-ALMAS;0;0;788;0;0;4420,25;0;5208,25
TO-APARECIDA DO RIO NEGRO;0;0;0;0;0;2385,87999999989;0;2385,87999999989
TO-ARAGUACEMA;0;0;0;0;0;4544,57999999821;0;4544,57999999821
TO-BREJINHO DE NAZARE;0;0;0;0;0;3738,95000000019;0;3738,95000000019
TO-CAMPOS LINDOS;0;0;0;0;0;7274,51000000257;0;7274,51000000257
TO-CARIRI DO TOCANTINS;0;0;0;0;0;5563,23000000045;0;5563,23000000045
TO-CENTENARIO;0;0;788;0;0;2399,1099999994;0;3187,1099999994
TO-FORMOSO DO ARAGUAIA;0;0;0;0;0;3171,36000000127;0;3171,36000000127
TO-GOIATINS;0;0;0;0;0;46387,9000000004;0;46387,9000000004
TO-GUARAI;0;0;0;0;0;3243,66000000108;0;3243,66000000108
TO-GURUPI;0;0;0;0;0;2500;0;2500
TO-IPUEIRAS;0;0;0;0;0;1826,9299999997;0;1826,9299999997
TO-ITACAJA;0;0;0;0;0;804,780000000261;0;804,780000000261
TO-ITAPIRATINS;0;0;0;0;0;1619,75999999978;0;1619,75999999978
TO-ITAPORA DO TOCANTINS;0;0;0;0;0;16571,6500000004;0;16571,6500000004
TO-LAGOA DA CONFUSAO;0;0;0;0;0;5287,83000000007;0;5287,83000000007
TO-MARIANOPOLIS DO TOCANTINS;0;0;0;0;0;1461,73000000045;0;1461,73000000045
TO-MIRACEMA DO TOCANTINS;0;0;0;0;0;1576;0;1576
TO-PEDRO AFONSO;0;0;0;0;0;5921,58000000007;0;5921,58000000007
TO-PEIXE;0;0;2090,01000000071;0;0;0;0;2090,01000000071
TO-PORTO NACIONAL;0;0;0;0;0;3990,88999999873;0;3990,88999999873
TO-SANTA MARIA DO TOCANTINS;0;0;0;0;0;788;0;788
TO-SAO VALERIO;0;0;0;0;0;5740,52999999933;0;5740,52999999933
MA-ALTAMIRA DO MARANHAO;0;0;0;0;0;809,879999999888;0;809,879999999888
MA-ALTO PARNAIBA;0;0;0;0;0;900;0;900
MA-BALSAS;0;0;0;0;0;5510,22000000067;0;5510,22000000067
MA-COLINAS;0;0;0;0;0;1619,75999999978;0;1619,75999999978
MA-PORTO FRANCO;0;0;0;0;0;2317,28999999911;0;2317,28999999911
MA-RIACHAO;0;0;0;0;0;1145,97000000067;0;1145,97000000067
PI-BAIXA GRANDE DO RIBEIRO;0;0;0;0;0;58738,8199999984;0;58738,8199999984
PI-MONTE ALEGRE DO PIAUI;0;0;0;0;0;5921,75;0;5921,75
PI-RIBEIRO GONCALVES;0;0;0;0;0;6882,46000000089;0;6882,46000000089
PI-SANTA FILOMENA;0;0;0;0;0;788;0;788
PI-TERESINA;0;1156,25;0;0;0;0;0;1156,25
PI-URUCUI;0;0;0;0;0;19035,5999999996;0;19035,5999999996
PE-PASSIRA;0;0;0;0;0;3152;0;3152
PE-VITORIA DE SANTO ANTAO;0;0;0;0;0;788;0;788
BA-BARRA;0;0;0;0;0;0;788;788
BA-BARREIRAS;0;0;0;0;0;4254,32000000076;0;4254,32000000076
BA-CORRENTINA;0;0;0;0;0;25972,3399999994;0;25972,3399999994
BA-ENTRE RIOS;0;0;0;787,990000000224;0;0;0;787,990000000224
BA-FORMOSA DO RIO PRETO;0;0;0;0;0;17967,7399999951;0;17967,7399999951
BA-JABORANDI;0;0;1000;0;0;11969,7899999977;0;12969,7899999977
BA-LUIS EDUARDO MAGALHAES;0;0;0;0;0;8478,529999997;0;8478,529999997
BA-POCOES;0;0;0;0;7096,94000000041;0;0;7096,94000000041
BA-RIACHAO DAS NEVES;0;0;0;0;0;2386,75999999978;0;2386,75999999978
BA-SALVADOR;0;0;0;0;0;788;0;788
BA-SAO DESIDERIO;0;0;0;0;0;26304,2599999984;0;26304,2599999984
BA-SEBASTIAO LARANJEIRAS;0;0;0;0;1576;0;0;1576
BA-TAPEROA;0;0;0;22979,3899999997;0;0;0;22979,3899999997
BA-VALENCA;0;0;0;788;0;0;0;788
MG-ARAGUARI;0;0;0;0;0;59548,9199999999;0;59548,9199999999
MG-COIMBRA;0;0;885,509999999776;0;0;0;0;885,509999999776
MG-COROMANDEL;0;0;0;0;0;6791,58000000101;0;6791,58000000101
MG-ESTRELA DO INDAIA;0;0;0;0;0;3506,52999999933;0;3506,52999999933
MG-ESTRELA DO SUL;0;0;0;0;0;1120,09999999963;0;1120,09999999963
MG-FRUTAL;0;0;0;0;0;1214,83000000007;0;1214,83000000007
MG-GUARDA-MOR;0;0;0;0;0;1214,83000000007;0;1214,83000000007
MG-MONTE ALEGRE DE MINAS;0;0;0;0;0;1388,09999999963;0;1388,09999999963
MG-PARACATU;0;0;0;0;0;2439,09999999963;0;2439,09999999963
MG-PATROCINIO;0;0;0;0;0;2078,32999999821;0;2078,32999999821
MG-PRATA;0;0;0;0;0;2138,46000000089;0;2138,46000000089
MG-PRESIDENTE OLEGARIO;0;0;0;0;0;17955,3100000033;0;17955,3100000033
MG-SACRAMENTO;0;0;0;0;0;1576,01999999955;0;1576,01999999955
MG-TUPACIGUARA;0;0;0;0;0;5613,11999999825;0;5613,11999999825
MG-UBERLANDIA;0;0;0;0;0;9634,36000000034;0;9634,36000000034
RJ-BOM JESUS DO ITABAPOANA;0;0;0;0;0;2388,33000000007;0;2388,33000000007
RJ-RIO DE JANEIRO;1162,24000000022;0;0;0;0;0;0;1162,24000000022
SP-ARARAQUARA;0;0;0;0;0;1619,76999999955;0;1619,76999999955
SP-CAMPOS NOVOS PAULISTA;0;0;0;0;0;3206,66000000015;0;3206,66000000015
SP-COROADOS;0;0;0;0;0;1463,94999999925;0;1463,94999999925
SP-CRUZALIA;0;0;0;0;0;39980,1199999992;0;39980,1199999992
SP-DUMONT;0;0;0;0;1472,55000000075;0;0;1472,55000000075
SP-FLORINIA;0;0;0;0;0;40155,2999999933;0;40155,2999999933
SP-GUAIRA;0;0;0;0;0;6855,36999999732;0;6855,36999999732
SP-HERCULANDIA;0;0;0;0;24518,2500000019;0;0;24518,2500000019
SP-IBIRAREMA;0;0;0;0;0;47632,0799999963;0;47632,0799999963
SP-IEPE;0;0;0;0;0;5905,53999999911;0;5905,53999999911
SP-IPUA;0;0;0;0;0;2743,08999999985;0;2743,08999999985
SP-MARACAI;0;0;0;0;0;74532,8999999966;0;74532,8999999966
SP-MARTINOPOLIS;0;0;0;0;4280,65000000224;3093,55000000075;0;7374,20000000298
SP-MIGUELOPOLIS;0;0;0;0;0;14106,4699999969;0;14106,4699999969
SP-PALMITAL;0;0;0;0;0;18742,3999999966;0;18742,3999999966
SP-PIRACICABA;0;0;0;0;0;0;0;0
SP-PLATINA;0;0;0;0;0;3009,58999999985;0;3009,58999999985
SP-QUEIROZ;0;0;0;0;2739;0;0;2739
SP-RIBEIRAO DO SUL;0;0;0;0;0;12497,9599999972;0;12497,9599999972
SP-SAO PAULO;0;0;0;0;0;2267,3200000003;0;2267,3200000003
SP-TEODORO SAMPAIO;0;0;0;0;0;1476,51999999955;0;1476,51999999955
PR-ALTO PIQUIRI;0;0;0;0;0;19968,8000000007;0;19968,8000000007
PR-ALVORADA DO SUL;0;0;0;0;0;11955,9199999981;0;11955,9199999981
PR-ANAHY;0;0;0;0;0;4544,92999999784;0;4544,92999999784
PR-ANDIRA;0;0;0;0;0;960;0;960
PR-APUCARANA;0;0;0;0;0;1038,00999999978;0;1038,00999999978
PR-ARARUNA;0;0;0;0;0;6271,28999999911;0;6271,28999999911
PR-ARAUCARIA;0;0;0;0;0;1844,43999999948;0;1844,43999999948
PR-ARIRANHA DO IVAI;0;0;0;0;0;1098,05000000075;0;1098,05000000075
PR-ASTORGA;0;0;0;0;0;957,660000000149;0;957,660000000149
PR-ATALAIA;0;0;0;0;0;1048,75999999978;0;1048,75999999978
PR-BARBOSA FERRAZ;0;0;0;0;0;1203,88000000082;0;1203,88000000082
PR-BOA ESPERANCA;0;0;0;0;0;3045,95000000112;0;3045,95000000112
PR-BOM SUCESSO;0;0;788,080000000075;0;0;0;0;788,080000000075
PR-BRAGANEY;0;0;0;0;0;2445,36000000127;0;2445,36000000127
PR-CAFELANDIA;0;0;0;0;0;1004,08000000007;0;1004,08000000007
PR-CAMBE;0;0;0;0;0;22853,8199999984;0;22853,8199999984
PR-CAMBIRA;0;0;0;0;0;2518,94999999925;0;2518,94999999925
PR-CAMPINA DA LAGOA;0;0;0;0;0;7785,70000000298;0;7785,70000000298
PR-CAMPO BONITO;0;0;0;0;0;1182;0;1182
PR-CAMPO LARGO;0;0;0;0;0;7492,45999999903;0;7492,45999999903
PR-CAMPO MOURAO;0;0;0;0;0;63019,0100000026;0;63019,0100000026
PR-CANDOI;0;0;0;0;0;68065,6800000006;0;68065,6800000006
PR-CANTAGALO;0;0;0;0;0;21355,6700000018;0;21355,6700000018
PR-CAPITAO LEONIDAS MARQUES;0;0;0;0;0;4962,66000000015;0;4962,66000000015
PR-CASCAVEL;0;0;0;0;0;36748,5;0;36748,5
PR-CASTRO;0;0;0;0;0;7388,96999999881;0;7388,96999999881
PR-CATANDUVAS;0;0;0;0;0;1050,00999999978;0;1050,00999999978
PR-CENTENARIO DO SUL;0;0;0;0;0;1004,08000000007;0;1004,08000000007
PR-CIANORTE;0;0;0;0;0;939,990000000224;0;939,990000000224
PR-CLEVELANDIA;0;0;0;0;0;3479,76999999955;0;3479,76999999955
PR-CORBELIA;0;0;0;0;0;1004,08000000007;0;1004,08000000007
PR-CORNELIO PROCOPIO;0;0;0;0;0;9665,06999999844;0;9665,06999999844
PR-CORONEL DOMINGOS SOARES;0;0;0;0;0;28997,8000000026;0;28997,8000000026
PR-CORONEL VIVIDA;0;0;0;0;0;1397,24000000022;0;1397,24000000022
PR-CRUZEIRO DO SUL;0;0;0;0;0;1327,69999999925;0;1327,69999999925
PR-CRUZMALTINA;0;0;0;0;0;1032,01999999955;0;1032,01999999955
PR-DOURADINA;0;0;0;0;0;4453,35000000149;0;4453,35000000149
PR-ENGENHEIRO BELTRAO;0;0;0;0;0;11367,5299999975;0;11367,5299999975
PR-FAROL;0;0;0;0;0;11029,5800000001;0;11029,5800000001
PR-FAXINAL;0;0;0;0;0;19653,8600000003;0;19653,8600000003
PR-FIGUEIRA;0;0;0;0;0;1869,12999999989;0;1869,12999999989
PR-FLORIDA;0;0;0;0;0;3648,04999999888;0;3648,04999999888
PR-FRANCISCO BELTRAO;0;0;0;0;0;2485,83000000007;0;2485,83000000007
PR-FOZ DO JORDAO;0;0;0;0;0;9694,45000000298;0;9694,45000000298
PR-GENERAL CARNEIRO;0;0;0;0;0;2173,58000000101;0;2173,58000000101
PR-GOIOERE;0;0;0;0;0;68338,9599999972;0;68338,9599999972
PR-GUAIRA;0;0;0;0;0;8491,86999999918;0;8491,86999999918
PR-GUARACI;0;0;0;0;0;1270,66999999993;0;1270,66999999993
PR-GUARANIACU;0;0;0;0;0;3722,94000000134;0;3722,94000000134
PR-GUARAPUAVA;0;0;0;0;0;46272,3900000025;0;46272,3900000025
PR-IBIPORA;0;0;0;0;0;8353,12999999896;0;8353,12999999896
PR-IGUARACU;0;0;0;0;0;3312,46000000089;0;3312,46000000089
PR-IPIRANGA;0;0;0;0;0;1004,08000000007;0;1004,08000000007
PR-ITAMBE;0;0;0;0;0;2940,8200000003;0;2940,8200000003
PR-JACAREZINHO;0;0;0;0;0;1685,6400000006;0;1685,6400000006
PR-JAGUAPITA;0;0;0;0;0;1852,3599999994;0;1852,3599999994
PR-JANIOPOLIS;0;0;0;0;0;18557,6499999976;0;18557,6499999976
PR-JURANDA;0;0;0;0;0;16754,5799999991;0;16754,5799999991
PR-JUSSARA;0;0;0;0;0;9170,31000000052;0;9170,31000000052
PR-LAPA;0;0;0;0;0;4066,9299999997;0;4066,9299999997
PR-LEOPOLIS;0;0;0;0;0;1838,34999999963;0;1838,34999999963
PR-LINDOESTE;0;0;0;0;0;1200;0;1200
PR-LOBATO;0;0;0;0;0;10270,4500000039;0;10270,4500000039
PR-LONDRINA;0;0;0;0;0;45881,0300000049;0;45881,0300000049
PR-LUIZIANA;0;0;0;0;0;21397,5900000017;0;21397,5900000017
PR-LUPIONOPOLIS;0;0;0;0;0;16871,3900000025;0;16871,3900000025
PR-MAMBORE;0;0;0;0;0;6339,60000000242;0;6339,60000000242
PR-MANDAGUACU;0;0;0;0;0;914,080000000075;0;914,080000000075
PR-MANOEL RIBAS;0;0;0;0;0;812,070000000298;0;812,070000000298
PR-MARIALVA;0;0;0;0;0;39017,5399999991;0;39017,5399999991
PR-MARILANDIA DO SUL;0;0;0;0;0;17549,8300000019;0;17549,8300000019
PR-MARILUZ;0;0;0;0;0;6359,91999999993;0;6359,91999999993
PR-MARINGA;0;0;0;0;0;14134,0500000045;0;14134,0500000045
PR-MARMELEIRO;0;0;0;0;0;12649,7700000014;0;12649,7700000014
PR-MAUA DA SERRA;0;0;0;0;0;1030,41000000015;0;1030,41000000015
PR-MUNHOZ DE MELO;0;0;0;0;0;2251,73999999836;0;2251,73999999836
PR-NOVA AURORA;0;0;0;0;0;3162,24000000022;0;3162,24000000022
PR-NOVA CANTU;0;0;0;0;0;13575,9299999988;0;13575,9299999988
PR-NOVA LARANJEIRAS;0;0;0;0;0;5159,46999999881;0;5159,46999999881
PR-OURIZONA;0;0;0;0;0;1249,08999999985;0;1249,08999999985
PR-OURO VERDE DO OESTE;0;0;0;0;0;4557,95999999903;0;4557,95999999903
PR-PAICANDU;0;0;0;0;0;2527,3599999994;0;2527,3599999994
PR-PALMAS;0;0;0;0;0;11982,5;0;11982,5
PR-PALMEIRA;0;0;0;0;0;2608,3200000003;0;2608,3200000003
PR-PALOTINA;0;0;0;0;0;8342,58999999985;0;8342,58999999985
PR-PARANACITY;0;0;0;0;0;1494,75999999978;0;1494,75999999978
PR-PARANAGUA;0;0;0;0;0;7309,16999999806;0;7309,16999999806
PR-PAULA FREITAS;0;0;0;0;0;1300;0;1300
PR-PEABIRU;0;0;0;0;0;960,200000000186;0;960,200000000186
PR-PINHAO;0;0;0;0;0;52015,8999999911;0;52015,8999999911
PR-PIRAI DO SUL;0;0;1030,61999999918;0;0;0;0;1030,61999999918
PR-PITANGA;0;0;0;0;0;2982,50999999978;0;2982,50999999978
PR-PONTA GROSSA;0;0;0;0;0;17971,5299999984;0;17971,5299999984
PR-PORTO AMAZONAS;0;0;0;0;0;2008,16000000015;0;2008,16000000015
PR-PRIMEIRO DE MAIO;0;0;0;0;0;45158,8000000035;0;45158,8000000035
PR-QUARTO CENTENARIO;0;0;0;0;0;7622,69999999925;0;7622,69999999925
PR-QUATRO PONTES;0;0;0;0;0;3452,79000000097;0;3452,79000000097
PR-QUERENCIA DO NORTE;0;0;0;0;0;3218,00999999978;0;3218,00999999978
PR-RANCHO ALEGRE;0;0;0;0;0;1896,33999999985;0;1896,33999999985
PR-RANCHO ALEGRE D OESTE;0;0;0;0;0;11038,5999999996;0;11038,5999999996
PR-RENASCENCA;0;0;0;0;0;27746,0000000028;0;27746,0000000028
PR-RESERVA DO IGUACU;0;0;0;0;0;16534,089999998;0;16534,089999998
PR-ROLANDIA;0;0;0;0;0;998,509999999776;0;998,509999999776
PR-RONCADOR;0;0;0;0;0;1109,56000000052;0;1109,56000000052
PR-SALTO DO LONTRA;0;0;0;0;0;1997,70000000019;0;1997,70000000019
PR-SANTA HELENA;0;0;0;0;0;7397,64999999851;0;7397,64999999851
PR-SANTA IZABEL DO OESTE;0;0;0;0;0;1421,8599999994;0;1421,8599999994
PR-SANTA LUCIA;0;0;0;0;0;2172;0;2172
PR-SANTA MARIA DO OESTE;0;0;0;0;0;929,169999999925;0;929,169999999925
PR-SANTA MARIANA;0;0;0;0;0;2148,03999999911;0;2148,03999999911
PR-SANTA MONICA;0;0;0;0;0;535,700000000186;0;535,700000000186
PR-SANTA TEREZA DO OESTE;0;0;0;0;0;9695,50000000373;0;9695,50000000373
PR-SANTA TEREZINHA DE ITAIPU;0;0;0;0;0;1580,4299999997;0;1580,4299999997
PR-SANTO INACIO;0;0;0;0;0;3576,5;0;3576,5
PR-SAO JERONIMO DA SERRA;0;0;0;0;0;4459,81000000052;0;4459,81000000052
PR-SAO JOAO;0;0;0;0;0;3288,05999999866;0;3288,05999999866
PR-SAO MATEUS DO SUL;0;0;0;0;0;2808,08999999985;0;2808,08999999985
PR-SARANDI;0;0;1182;0;0;3431,96000000089;0;4613,96000000089
PR-SENGES;0;0;0;0;0;1591,66000000015;0;1591,66000000015
PR-SERTANEJA;0;0;1149,1400000006;0;0;4714,72000000067;0;5863,86000000127
PR-SERTANOPOLIS;0;0;14652,7699999977;0;0;44755,8399999999;0;59408,6099999975
PR-TEIXEIRA SOARES;0;0;1214,83000000007;0;0;0;0;1214,83000000007
PR-TERRA BOA;0;0;0;0;0;62338,969999996;0;62338,969999996
PR-TERRA ROXA;0;0;0;0;0;34625,1399999959;0;34625,1399999959
PR-TIBAGI;0;0;0;0;0;1294,58999999985;0;1294,58999999985
PR-TOLEDO;0;0;1032,74000000022;0;0;15773,6499999966;0;16806,3899999969
PR-TUNEIRAS DO OESTE;0;0;0;0;0;2601,77999999933;0;2601,77999999933
PR-TUPASSI;0;0;0;0;0;909,370000000112;0;909,370000000112
PR-UBIRATA;0;0;0;0;0;66264,4599999953;0;66264,4599999953
PR-UMUARAMA;0;0;0;0;0;1310,50999999978;0;1310,50999999978
PR-UNIAO DA VITORIA;0;0;0;0;0;1855,8200000003;0;1855,8200000003
PR-VENTANIA;0;0;0;0;0;31857,7399999984;0;31857,7399999984
PR-VERE;0;0;0;0;0;2566,33000000007;0;2566,33000000007
PR-VITORINO;0;0;0;0;0;2761,14999999851;0;2761,14999999851
SC-ABELARDO LUZ;0;0;0;0;0;1810,79999999981;0;1810,79999999981
SC-CANOINHAS;0;0;0;0;0;877,580000000075;0;877,580000000075
SC-DIONISIO CERQUEIRA;0;0;0;0;0;812,070000000298;0;812,070000000298
SC-IRINEOPOLIS;0;0;1240,36999999918;0;0;15944,7100000028;0;17185,0800000019
SC-MAFRA;0;0;0;0;0;921,049999999814;0;921,049999999814
SC-MAJOR VIEIRA;0;0;0;0;0;10586,8300000001;0;10586,8300000001
SC-OTACILIO COSTA;0;0;0;0;0;899,549999999814;0;899,549999999814
SC-OURO VERDE;0;0;0;0;0;1488,22000000067;0;1488,22000000067
SC-PAPANDUVA;0;0;0;0;0;10257,75;0;10257,75
SC-PORTO UNIAO;0;0;0;0;0;3913,87999999989;0;3913,87999999989
SC-SAO DOMINGOS;0;0;0;0;0;1576;0;1576
RS-AJURICABA;0;0;0;0;0;7069,81000000052;0;7069,81000000052
RS-ALEGRETE;0;0;0;0;0;7545,92000000179;0;7545,92000000179
RS-ALEGRIA;0;0;0;0;0;2276,43999999948;0;2276,43999999948
RS-ALMIRANTE TAMANDARE DO SUL;0;0;0;0;0;3315,58000000007;0;3315,58000000007
RS-ARROIO GRANDE;0;0;0;0;0;5328,83999999799;0;5328,83999999799
RS-AUGUSTO PESTANA;0;0;0;0;0;9061,90000000224;0;9061,90000000224
RS-BAGE;0;0;0;0;0;5794,12999999896;0;5794,12999999896
RS-BARRACAO;0;0;0;0;0;2476,55000000075;0;2476,55000000075
RS-BOA VISTA DAS MISSOES;0;0;0;0;0;2636,25999999978;0;2636,25999999978
RS-BOA VISTA DO CADEADO;0;0;0;0;0;12632,7599999998;0;12632,7599999998
RS-BOA VISTA DO INCRA;0;0;0;0;0;2479,23000000045;0;2479,23000000045
RS-BOM PROGRESSO;0;0;0;0;0;6205,87999999989;0;6205,87999999989
RS-BOSSOROCA;0;0;0;0;0;3551,80999999866;0;3551,80999999866
RS-BOZANO;0;0;0;0;0;1007;0;1007
RS-CACAPAVA DO SUL;0;0;0;0;0;3896,09999999963;0;3896,09999999963
RS-CACEQUI;0;0;0;0;0;2396,83000000007;0;2396,83000000007
RS-CACHOEIRA DO SUL;0;0;0;0;0;27465,6099999975;0;27465,6099999975
RS-CAIBATE;0;0;0;0;0;8080,41000000201;0;8080,41000000201
RS-CAMAQUA;0;0;1580,1799999997;0;0;1756,56000000052;0;3336,74000000022
RS-CAMPINAS DO SUL;0;0;0;0;0;2051,39999999851;0;2051,39999999851
RS-CAMPO NOVO;0;0;0;0;0;1363,3599999994;0;1363,3599999994
RS-CAMPOS BORGES;0;0;0;0;0;3901,66999999993;0;3901,66999999993
RS-CANDELARIA;0;0;0;0;0;1317,80000000075;0;1317,80000000075
RS-CANDIOTA;0;0;0;0;0;1310,59999999963;0;1310,59999999963
RS-CANGUCU;0;0;0;0;0;35682,1200000057;0;35682,1200000057
RS-CAPAO BONITO DO SUL;0;0;0;0;0;4318,01999999955;0;4318,01999999955
RS-CAPAO DO CIPO;0;0;0;0;0;1256,72000000067;0;1256,72000000067
RS-CARAZINHO;0;0;1990,83000000007;0;0;47519,4499999993;0;49510,2799999993
RS-CATUIPE;0;0;0;0;0;8563,30000000075;0;8563,30000000075
RS-CHARRUA;0;0;0;0;0;1272,71000000089;0;1272,71000000089
RS-CONDOR;0;0;0;0;0;12291,6799999997;0;12291,6799999997
RS-CORONEL BARROS;0;0;0;0;0;4784,05000000075;0;4784,05000000075
RS-CORONEL BICACO;0;0;0;0;0;5684,21000000089;0;5684,21000000089
RS-COXILHA;0;0;0;0;0;41807,9399999976;0;41807,9399999976
RS-CRUZ ALTA;0;0;0;0;0;8331,8900000006;0;8331,8900000006
RS-DOIS IRMAOS DAS MISSOES;0;0;0;0;0;17421,9200000055;0;17421,9200000055
RS-DOM PEDRITO;0;0;0;0;0;4834,17000000179;0;4834,17000000179
RS-ENTRE-IJUIS;0;0;0;0;0;1222,30000000075;0;1222,30000000075
RS-ESMERALDA;0;0;0;0;0;1293,66999999993;0;1293,66999999993
RS-ESPUMOSO;0;0;0;0;0;10038,4799999986;0;10038,4799999986
RS-ESTACAO;0;0;0;0;0;5963,50999999791;0;5963,50999999791
RS-FAXINAL DO SOTURNO;0;0;0;0;0;523,839999999851;0;523,839999999851
RS-FORTALEZA DOS VALOS;0;0;0;0;0;6515,15000000037;0;6515,15000000037
RS-GETULIO VARGAS;0;0;0;0;0;1006,87999999989;0;1006,87999999989
RS-IBIACA;0;0;0;0;0;788;0;788
RS-IBIRAPUITA;0;0;0;0;0;1400,59999999963;0;1400,59999999963
RS-IBIRUBA;0;0;0;0;0;19598,2400000012;0;19598,2400000012
RS-IJUI;0;0;0;0;0;12469,9800000023;0;12469,9800000023
RS-INDEPENDENCIA;0;0;0;0;0;14813,6700000027;0;14813,6700000027
RS-IPIRANGA DO SUL;0;0;0;0;0;1159,6400000006;0;1159,6400000006
RS-ITAARA;0;0;0;0;0;10459,1199999992;0;10459,1199999992
RS-JACUTINGA;0;0;0;0;0;1342,08000000007;0;1342,08000000007
RS-JAGUARAO;0;0;1649,19999999925;0;0;24720,2899999991;0;26369,4899999984
RS-JARI;0;0;0;0;0;2101,96000000089;0;2101,96000000089
RS-JOIA;0;0;0;0;0;46028;0;46028
RS-JULIO DE CASTILHOS;0;0;0;0;0;20687,8099999987;0;20687,8099999987
RS-LAGOA BONITA DO SUL;0;0;0;0;0;1374,00999999978;0;1374,00999999978
RS-LAGOA VERMELHA;0;0;0;0;0;8191,54999999888;0;8191,54999999888
RS-MACAMBARA;0;0;0;0;0;1314,01999999955;0;1314,01999999955
RS-MANOEL VIANA;0;0;0;0;0;2208,97000000067;0;2208,97000000067
RS-MATA;0;0;0;0;0;1231,44999999925;0;1231,44999999925
RS-MINAS DO LEAO;0;0;0;0;0;1586,84999999963;0;1586,84999999963
RS-MUITOS CAPOES;0;0;0;0;0;1809,3900000006;0;1809,3900000006
RS-NAO-ME-TOQUE;0;0;0;0;0;55430,0599999968;0;55430,0599999968
RS-NICOLAU VERGUEIRO;0;0;0;0;0;3436,63999999873;0;3436,63999999873
RS-NOVA RAMADA;0;0;1477,91000000015;0;0;2394,51999999955;0;3872,4299999997
RS-NOVO BARREIRO;0;0;0;0;0;1006,87999999989;0;1006,87999999989
RS-PALMEIRA DAS MISSOES;0;0;3956,6400000006;0;0;28596,339999998;0;32552,9799999986
RS-PANAMBI;0;0;0;0;0;35459,9599999944;0;35459,9599999944
RS-PASSO FUNDO;0;0;1524,8200000003;0;0;8582,15000000037;0;10106,9700000007
RS-PEJUCARA;0;0;0;0;0;49571,8699999992;0;49571,8699999992
RS-PELOTAS;0;0;0;0;0;5625,20999999903;0;5625,20999999903
RS-PIRAPO;0;0;0;0;0;2303,23999999836;0;2303,23999999836
RS-PIRATINI;0;0;0;0;0;1727,73000000045;0;1727,73000000045
RS-PONTAO;0;0;0;0;0;6396,29999999888;0;6396,29999999888
RS-PORTO ALEGRE;0;0;0;0;0;8039,96000000089;0;8039,96000000089
RS-QUATRO IRMAOS;0;0;0;0;0;4440,87999999896;0;4440,87999999896
RS-RIO PARDO;0;0;0;0;0;1576;0;1576
RS-SANTA BARBARA DO SUL;0;0;0;0;0;14124,8399999999;0;14124,8399999999
RS-SANTA MARIA;0;0;0;0;0;7900,43999999762;0;7900,43999999762
RS-SANTO ANGELO;0;0;1234,18999999948;0;0;9420,3200000003;0;10654,5099999998
RS-SANTO ANTONIO DAS MISSOES;0;0;0;0;0;5186,09999999963;0;5186,09999999963
RS-SAO BORJA;0;0;0;0;0;1381,40000000037;0;1381,40000000037
RS-SAO GABRIEL;0;0;1769,33000000007;0;0;5099,66999999993;0;6869
RS-SAO JOSE DO OURO;0;0;0;0;0;8500,40999999829;0;8500,40999999829
RS-SAO LUIZ GONZAGA;0;0;0;0;0;2833,66999999993;0;2833,66999999993
RS-SAO MARTINHO DA SERRA;0;0;0;0;0;1143,3900000006;0;1143,3900000006
RS-SAO MIGUEL DAS MISSOES;0;0;0;0;0;1698,73999999929;0;1698,73999999929
RS-SAO SEPE;0;0;0;0;0;4208,56999999844;0;4208,56999999844
RS-SARANDI;0;0;0;0;0;3757,82999999821;0;3757,82999999821
RS-SEBERI;0;0;0;0;0;5778,6099999994;0;5778,6099999994
RS-SELBACH;0;0;0;0;0;2591,56000000052;0;2591,56000000052
RS-SERTAO;0;0;0;0;0;2655,19000000134;0;2655,19000000134
RS-SILVEIRA MARTINS;0;0;0;0;0;7209,71000000089;0;7209,71000000089
RS-SOBRADINHO;0;0;0;0;0;6014,71000000043;0;6014,71000000043
RS-TAPEJARA;0;0;0;0;0;1409,93999999948;0;1409,93999999948
RS-TAPES;0;0;0;0;0;4994,99000000022;0;4994,99000000022
RS-TRES DE MAIO;0;0;0;0;0;995,299999999814;0;995,299999999814
RS-TRES PALMEIRAS;0;0;0;0;0;1173,98000000045;0;1173,98000000045
RS-TUCUNDUVA;0;0;0;0;0;7920,01999999955;0;7920,01999999955
RS-TUPANCI DO SUL;0;0;0;0;0;3411,24999999814;0;3411,24999999814
RS-TUPANCIRETA;0;0;0;0;0;12089,8299999991;0;12089,8299999991
RS-VACARIA;0;0;0;0;0;2246,58999999985;0;2246,58999999985
RS-VICTOR GRAEFF;0;0;0;0;0;1325,73000000045;0;1325,73000000045
RS-VILA NOVA DO SUL;0;0;0;0;0;995,299999999814;0;995,299999999814
MS-AMAMBAI;0;0;867,580000000075;0;0;12038,0200000014;0;12905,6000000015
MS-ANTONIO JOAO;0;0;2945,90000000037;0;0;0;0;2945,90000000037
MS-ARAL MOREIRA;0;0;815,660000000149;0;0;36621,8000000017;0;37437,4600000018
MS-BANDEIRANTES;0;0;0;0;0;4386;0;4386
MS-BATAYPORA;0;0;0;0;0;5881,58999999985;0;5881,58999999985
MS-BONITO;0;0;0;0;0;5669,98000000045;0;5669,98000000045
MS-CAARAPO;0;0;0;0;0;16662,1799999988;0;16662,1799999988
MS-CAMAPUA;0;0;0;0;0;7589,84999999963;0;7589,84999999963
MS-CAMPO GRANDE;0;0;0;0;0;6399,76999999955;0;6399,76999999955
MS-COSTA RICA;0;0;0;0;3743,38999999873;6722,37000000011;0;10465,7599999988
MS-COXIM;0;0;0;0;0;3085,8599999994;0;3085,8599999994
MS-DOURADINA;0;0;0;0;0;850;0;850
MS-DOURADOS;0;0;1615,08000000007;0;0;45380,6300000036;0;46995,7100000037
MS-ELDORADO;0;0;0;0;0;6044,54000000097;0;6044,54000000097
MS-FATIMA DO SUL;0;0;0;0;0;1370,34999999963;0;1370,34999999963
MS-GUIA LOPES DA LAGUNA;0;0;0;0;0;4298,83000000007;0;4298,83000000007
MS-IGUATEMI;0;0;0;0;0;3939,66000000015;0;3939,66000000015
MS-ITAPORA;0;0;0;0;0;4668,81000000052;0;4668,81000000052
MS-MARACAJU;0;0;0;0;0;290300,720000004;0;290300,720000004
MS-MIRANDA;0;0;0;0;0;900;0;900
MS-NIOAQUE;0;0;0;0;0;2488,25999999978;0;2488,25999999978
MS-NOVA ALVORADA DO SUL;0;0;0;0;0;2466,34999999963;0;2466,34999999963
MS-PONTA PORA;0;0;0;0;0;37404,2200000016;0;37404,2200000016
MS-RIO BRILHANTE;0;0;0;0;0;18709,5199999977;0;18709,5199999977
MS-SAO GABRIEL DO OESTE;0;0;0;0;0;10083,4900000002;0;10083,4900000002
MS-SIDROLANDIA;0;0;0;0;0;17709,7600000016;0;17709,7600000016
MS-TAQUARUSSU;0;0;0;0;0;1523;0;1523
MT-AGUA BOA;0;0;0;0;0;16083,7699999991;0;16083,7699999991
MT-ALTO TAQUARI;0;0;0;0;0;9635,0700000003;0;9635,0700000003
MT-ARENAPOLIS;0;0;0;0;0;2109,71999999881;0;2109,71999999881
MT-CAMPO NOVO DO PARECIS;0;0;0;0;0;5269,36999999918;0;5269,36999999918
MT-CAMPO VERDE;0;0;0;0;0;1576;0;1576
MT-CAMPOS DE JULIO;0;0;2572,21999999881;0;0;9616,3200000003;0;12188,5399999991
MT-CANARANA;0;0;0;0;0;3211,68999999948;0;3211,68999999948
MT-CLAUDIA;0;0;0;0;0;12098,6400000025;0;12098,6400000025
MT-COCALINHO;0;0;0;0;0;14867,3799999971;0;14867,3799999971
MT-COMODORO;0;0;0;0;0;19438,2200000007;0;19438,2200000007
MT-CONFRESA;0;0;0;0;0;2960,96999999881;0;2960,96999999881
MT-DIAMANTINO;0;0;0;0;0;29916,5600000024;0;29916,5600000024
MT-FELIZ NATAL;0;0;0;0;0;5022,53999999911;0;5022,53999999911
MT-GAUCHA DO NORTE;0;0;0;0;0;4973,6799999997;0;4973,6799999997
MT-GUIRATINGA;0;0;0;0;0;2497,87999999989;0;2497,87999999989
MT-IPIRANGA DO NORTE;0;0;0;0;0;38076,7200000007;0;38076,7200000007
MT-ITANHANGA;0;0;0;0;0;1418,3900000006;0;1418,3900000006
MT-ITAUBA;0;0;0;0;0;8704,52999999747;0;8704,52999999747
MT-ITIQUIRA;0;0;0;0;0;9613,28000000212;0;9613,28000000212
MT-JACIARA;0;0;0;0;0;809,879999999888;0;809,879999999888
MT-JUSCIMEIRA;0;0;0;0;0;3310,71999999881;0;3310,71999999881
MT-LUCAS DO RIO VERDE;0;0;1495,25;0;0;78014,8100000005;0;79510,0600000005
MT-NOBRES;0;0;0;0;0;788;0;788
MT-NOVA NAZARE;0;0;0;0;0;1266,98000000045;0;1266,98000000045
MT-NOVA CANAA DO NORTE;0;0;0;0;0;2761,80999999959;0;2761,80999999959
MT-NOVA MUTUM;0;0;0;0;0;35605,3599999994;0;35605,3599999994
MT-NOVA UBIRATA;0;0;13299,1499999985;0;0;79035,3599999947;0;92334,5099999933
MT-NOVO MUNDO;0;0;0;0;0;2021,84999999963;0;2021,84999999963
MT-PARANATINGA;0;0;0;0;0;20029,3999999985;0;20029,3999999985
MT-PEDRA PRETA;0;0;0;0;0;4406,23000000045;0;4406,23000000045
MT-PLANALTO DA SERRA;0;0;0;0;0;5777,54999999702;0;5777,54999999702
MT-PORTO ALEGRE DO NORTE;0;0;0;0;0;4171,75999999791;0;4171,75999999791
MT-PORTO DOS GAUCHOS;0;0;0;0;0;1787,16999999993;0;1787,16999999993
MT-PORTO ESPERIDIAO;0;0;0;0;0;2399,73000000045;0;2399,73000000045
MT-PRIMAVERA DO LESTE;0;0;0;0;0;4116,41000000201;0;4116,41000000201
MT-QUERENCIA;0;0;0;0;0;8642,06000000052;0;8642,06000000052
MT-SANTA CARMEM;0;0;0;0;0;10255,4700000016;0;10255,4700000016
MT-RONDONOPOLIS;0;0;0;0;0;7234,67000000179;0;7234,67000000179
MT-SANTO ANTONIO DO LEVERGER;0;0;0;0;0;2836,09999999963;0;2836,09999999963
MT-SAPEZAL;0;0;3241,94999999925;0;0;41772,5300000003;0;45014,4799999995
MT-SINOP;0;0;0;0;0;2973,88999999873;0;2973,88999999873
MT-SORRISO;0;0;0;0;0;122734,059999996;0;122734,059999996
MT-TABAPORA;0;0;0;0;0;788;0;788
MT-TANGARA DA SERRA;0;0;0;0;0;1034,72000000067;0;1034,72000000067
MT-TAPURAH;0;0;0;0;0;24621,6200000001;0;24621,6200000001
MT-UNIAO DO SUL;0;0;0;0;0;0;0;0
MT-VERA;0;0;0;0;0;41734,0299999947;0;41734,0299999947
MT-NOVA GUARITA;0;0;0;0;0;1575,99000000022;0;1575,99000000022
MT-NOVA MARINGA;0;0;0;0;0;41145,7599999942;0;41145,7599999942
GO-ACREUNA;0;0;0;0;0;1581,25;0;1581,25
GO-AGUA LIMPA;0;0;0;0;0;0;2287,3200000003;2287,3200000003
GO-ANAPOLIS;0;0;3248,4299999997;0;0;0;0;3248,4299999997
GO-BOM JESUS DE GOIAS;0;0;0;0;0;1182;0;1182
GO-BONOPOLIS;0;0;0;0;0;10165,7799999956;0;10165,7799999956
GO-CABECEIRAS;0;0;0;0;0;4576,75999999885;0;4576,75999999885
GO-CACU;0;0;0;0;0;3399,88999999873;0;3399,88999999873
GO-CAIAPONIA;0;0;0;0;0;3070,16999999993;0;3070,16999999993
GO-CATALAO;0;0;0;0;0;16120,3000000017;0;16120,3000000017
GO-CRISTALINA;0;0;0;0;0;6894,76999999955;0;6894,76999999955
GO-DOVERLANDIA;0;0;0;0;0;9232,16999999993;0;9232,16999999993
GO-EDEIA;0;0;0;0;0;3919,12999999989;0;3919,12999999989
GO-FORMOSA;0;0;0;0;0;788;0;788
GO-GOIANIA;0;0;0;0;0;1506,72000000067;0;1506,72000000067
GO-GOIANIRA;0;0;0;0;0;2364;0;2364
GO-GOIATUBA;0;0;0;0;0;5098,09999999963;0;5098,09999999963
GO-IPAMERI;0;0;0;0;0;1796,25;0;1796,25
GO-ITUMBIARA;0;0;7131,37999999896;0;0;0;0;7131,37999999896
GO-JATAI;0;0;0;0;0;155073,419999987;0;155073,419999987
GO-JAUPACI;0;0;0;0;0;1637,8599999994;0;1637,8599999994
GO-LEOPOLDO DE BULHOES;0;0;0;0;0;2576,95000000112;0;2576,95000000112
GO-LUZIANIA;0;0;0;0;0;1182,08999999985;788;1970,08999999985
GO-MINEIROS;0;0;0;0;0;58480,8099999977;0;58480,8099999977
GO-MONTIVIDIU;0;0;1264,49000000022;0;0;15389,0000000019;7646,14999999851;24299,6400000006
GO-NEROPOLIS;0;0;0;0;0;1613,74000000022;0;1613,74000000022
GO-NIQUELANDIA;0;0;0;0;0;1805,16999999993;0;1805,16999999993
GO-PARAUNA;0;0;0;0;0;11541,3100000005;4447,75;15989,0600000005
GO-PEROLANDIA;0;0;0;0;0;36571,6000000006;0;36571,6000000006
GO-PIRES DO RIO;0;0;0;0;0;1576;0;1576
GO-PLANALTINA;0;0;0;0;0;1214,83000000007;0;1214,83000000007
GO-PORTELANDIA;0;0;0;0;0;9118,6400000006;0;9118,6400000006
GO-RIO VERDE;0;0;0;0;0;27371,1699999981;2458,44999999925;29829,6199999973
GO-SANTA CRUZ DE GOIAS;0;0;860,349999999627;0;0;3117,46000000089;0;3977,81000000052
GO-SANTA RITA DO ARAGUAIA;0;0;0;0;0;15232,9399999976;0;15232,9399999976
GO-SAO JOAO D ALIANCA;0;0;0;0;0;3152;0;3152
GO-SENADOR CANEDO;0;0;0;0;0;9877,93999999948;0;9877,93999999948
GO-SERRANOPOLIS;0;0;0;0;0;23767,3999999985;0;23767,3999999985
GO-SILVANIA;0;0;0;0;0;2215,71000000089;0;2215,71000000089
GO-VIANOPOLIS;0;0;0;0;0;6084,35000000149;0;6084,35000000149
DF-BRASILIA;0;0;0;0;0;10032,0600000005;0;10032,0600000005
Total;1162,24000000022;1156,25;82382,6099999929;9692776,56999996;45426,780000004;4864051,52999991;18415,6699999981;14705371,6499999

Seleções vigentes
Variável;Critério;Valor
Ano;igual a;2015
Vínculo Ativo 31/12;igual a;Sim
CBO Ocupação 2002;igual a;PRODUTOR DA CULTURA DE MAMONA
;;TRABALHADOR NA CULTURA DE MAMONA
;;PRODUTOR DA CULTURA DE DENDE
;;TRABALHADOR NA CULTURA DE DENDE
;;PRODUTOR DA CULTURA DE GIRASSOL
;;TRABALHADOR NA CULTURA DO GIRASSOL
;;PRODUTOR DA CULTURA DE SOJA
;;TRABALHADOR NA CULTURA DE SOJA
